{"is_source_file": false, "format": "", "description": "", "external_files": [], "external_methods": [], "published": [], "classes": [], "methods": [], "calls": [], "search-terms": [], "state": 2, "file_id": 6, "knowledge_revision": 10, "git_revision": "abc6dc1a25602defad44933d53acd7a55ada0cde", "hash": "67505395c0df4c9c001ab8f47571f3fb", "format-version": 4, "code-base-name": "db_main", "filename": "db_main/restore_db.sh", "revision_history": [{"10": "abc6dc1a25602defad44933d53acd7a55ada0cde"}]}