{"is_source_file": false, "format": "", "description": "", "external_files": [], "external_methods": [], "published": [], "classes": [], "methods": [], "calls": [], "search-terms": [], "state": 2, "file_id": 1, "knowledge_revision": 9, "git_revision": "abc6dc1a25602defad44933d53acd7a55ada0cde", "hash": "0c9f36dfd1a6dee9fa952c06ab7d9563", "format-version": 4, "code-base-name": "db_main", "filename": "db_main/db_visualizer/package.json", "revision_history": [{"9": "abc6dc1a25602defad44933d53acd7a55ada0cde"}]}