{"is_source_file": true, "format": "HTML", "description": "This file is an HTML web page implementing a database visualizer interface. It contains the structure, styles, and client-side JavaScript code for browsing databases, tables, and viewing data.", "external_files": [], "external_methods": ["fetchData (fetch API call)"], "published": [], "classes": [], "methods": [{"name": "loadDatabases", "description": "Fetches and displays the list of available databases."}, {"name": "refreshDatabases", "description": "Refreshes the database list and resets the UI."}, {"name": "toggleDatabase", "description": "Expands or collapses database to show its tables."}, {"name": "loadTables", "description": "Loads and displays the list of tables for a selected database."}, {"name": "loadTableData", "description": "Loads and shows data from a selected table."}, {"name": "renderTable", "description": "Generates and inserts an HTML table from data array."}, {"name": "renderCell", "description": "Creates a table cell, handling long text and objects."}, {"name": "expandCell", "description": "Expands or collapses cell content for full viewing."}], "calls": ["fetchData('/api/databases')", "fetchData(`/api/${db}/tables`)", "fetchData(`/api/${db}/tables/${tableName}/data?limit=50`)"], "search-terms": ["Database Viewer", "index.html", "client-side JavaScript", "HTML/CSS layout", "data table rendering", "fetch API calls", "expand cell content", "browser database interface"], "state": 2, "file_id": 3, "knowledge_revision": 14, "git_revision": "abc6dc1a25602defad44933d53acd7a55ada0cde", "hash": "ee63333a4841bf025439c755a74c9881", "format-version": 4, "code-base-name": "db_main", "filename": "db_main/db_visualizer/public/index.html", "revision_history": [{"14": "abc6dc1a25602defad44933d53acd7a55ada0cde"}]}