{"is_source_file": true, "format": "bash", "description": "A shell script that automatically detects the running database (SQLite, PostgreSQL, MySQL, MongoDB) and performs a backup accordingly.", "external_files": ["/usr/lib/postgresql/", "/var/run/mysqld/mysqld.sock"], "external_methods": ["ls", "sudo", "cp", "pg_isready", "pg_dump", "mysqladmin", "mysql", "mysqldump", "mongosh", "mongodump"], "published": [], "classes": [], "methods": [], "calls": ["ls", "sudo", "cp", "pg_isready", "pg_dump", "mysqladmin", "mysql", "mysqldump", "mongosh", "mongodump"], "search-terms": ["backup", "database", "shell script", "SQLite", "PostgreSQL", "MySQL", "MongoDB", "database detection", "automated backup", "db_main"], "state": 2, "file_id": 5, "knowledge_revision": 12, "git_revision": "abc6dc1a25602defad44933d53acd7a55ada0cde", "hash": "7af9aa35fa4940f934d83f6e2621b732", "format-version": 4, "code-base-name": "db_main", "filename": "db_main/backup_db.sh", "revision_history": [{"12": "abc6dc1a25602defad44933d53acd7a55ada0cde"}]}